{"cameraMode":{"drawMode":0,"name":"Shaded","section":"Shading Mode"},"sceneLighting":true,"audioPlay":false,"sceneViewState":{"m_AlwaysRefresh":false,"showFog":true,"showSkybox":true,"showFlares":true,"showImageEffects":true,"showParticleSystems":true,"showVisualEffectGraphs":true,"m_FxEnabled":false},"in2DMode":false,"pivot":{"x":-3.1656789779663088,"y":-0.5894775390625,"z":0.07567977905273438},"rotation":{"x":0.4526679813861847,"y":-0.025979654863476754,"z":0.013195810839533806,"w":0.8912046551704407},"size":14.10616683959961,"orthographic":false}