{"cameraMode":{"drawMode":0,"name":"Shaded","section":"Shading Mode"},"sceneLighting":true,"audioPlay":false,"sceneViewState":{"m_AlwaysRefresh":false,"showFog":true,"showSkybox":false,"showFlares":true,"showImageEffects":true,"showParticleSystems":true,"showVisualEffectGraphs":true,"m_FxEnabled":true},"in2DMode":false,"pivot":{"x":-0.6646274328231812,"y":3.3416080474853517,"z":-2.440772294998169},"rotation":{"x":0.45898759365081789,"y":-0.00680090906098485,"z":0.0036440440453588964,"w":0.8885129690170288},"size":9.212165832519532,"orthographic":true}