{"cameraMode":{"drawMode":0,"name":"Shaded","section":"Shading Mode"},"sceneLighting":true,"audioPlay":false,"sceneViewState":{"m_AlwaysRefresh":false,"showFog":true,"showSkybox":true,"showFlares":true,"showImageEffects":true,"showParticleSystems":true,"showVisualEffectGraphs":true,"m_FxEnabled":false},"in2DMode":false,"pivot":{"x":-0.0032869111746549608,"y":0.1298840343952179,"z":-1.3444772958755494},"rotation":{"x":0.6187268495559692,"y":-4.816303800225796e-8,"z":2.0759220831223502e-7,"w":0.7856199741363525},"size":11.191133499145508,"orthographic":true}